{
    "MAE": 2.650201779848101e-05,
    "RMSE": 3.153971690600346e-05,
    "R2": 0.9999999987788545
}