{
    "MAE": 5.474748583082684e-05,
    "RMSE": 5.583705951516907e-05,
    "R2": 0.9999999961726612
}