{
    "MAE": 0.00010353927763623976,
    "RMSE": 0.00011730657640213252,
    "R2": 0.9999999831073981
}