{
    "MAE": 1.678018917685568e-05,
    "RMSE": 1.947418432807569e-05,
    "R2": 0.9999999995344456
}