,Time,Current,Voltage,SOC,PowerLoss,Temperature,AmbientTemp
min,0.0,-8.11847012116661,51.0108286799862,11.3557655862226,0.0,293.15,293.15
max,1500.0,32.3264409027615,60.9957485430851,60.0,112.546180290992,327.670968216612,323.15
mean,750.4845694827075,8.382373917238155,55.81159495816511,34.57698444252563,10.785220305295248,321.0269997609697,308.1498420286844
std,433.51834135662557,9.086189222912177,2.4194755706106004,13.886126574642159,17.700996661829265,6.509204460125234,11.180163267393931
